Type,Name,Request Count,Failure Count,Median Response Time,Average Response Time,Min Response Time,Max Response Time,Average Content Size,Requests/s,Failures/s,50%,66%,75%,80%,90%,95%,98%,99%,99.9%,99.99%,100%
GET,/health,595,0,4100.0,4012.822557873948,509.2248189999999,7066.340611000001,73.18319327731092,3.3174222889373843,0.0,4100,4200,4200,4200,4300,4400,4900,4900,7100,7100,7100
GET,/recommend/[user_id],16694,0,4100.0,4006.8126269283503,48.88849499999992,7237.602421000001,644.2774050557086,93.07739107818604,0.0,4100,4200,4200,4200,4300,4400,4900,4900,7100,7200,7200
GET,/stats,620,0,4100.0,4064.187876791942,273.66631099999995,7142.626981000001,188.0,3.4568097800692072,0.0,4100,4200,4200,4200,4300,4400,4900,5000,7100,7100,7100
,Aggregated,17909,0,4100.0,4008.9985984414684,48.88849499999992,7237.602421000001,609.5075660282539,99.85162314719264,0.0,4100,4200,4200,4200,4300,4400,4900,4900,7100,7200,7200
