Type,Name,Request Count,Failure Count,Median Response Time,Average Response Time,Min Response Time,Max Response Time,Average Content Size,Requests/s,Failures/s,50%,66%,75%,80%,90%,95%,98%,99%,99.9%,99.99%,100%
GET,/health,442,0,1400.0,1363.2709699208156,227.46832300000008,2625.048367,73.13574660633485,2.463456860412568,0.0,1400,1400,1400,1400,1500,1600,1800,1900,2600,2600,2600
GET,/recommend/[user_id],17088,0,1400.0,1331.7401129698098,30.88835099999998,2652.144269999999,644.280781835206,95.23880278445692,0.0,1400,1400,1400,1400,1500,1600,1700,1800,2400,2600,2700
GET,/stats,405,0,1400.0,1369.0904396543208,314.56542200000024,2297.8082959999992,188.0,2.257239883409706,0.0,1400,1400,1400,1400,1500,1700,1800,1800,2300,2300,2300
,Aggregated,17935,0,1400.0,1333.3606048058632,30.88835099999998,2652.144269999999,619.9016448285475,99.95949952827921,0.0,1400,1400,1400,1400,1500,1600,1700,1800,2500,2600,2700
