Type,Name,Request Count,Failure Count,Median Response Time,Average Response Time,Min Response Time,Max Response Time,Average Content Size,Requests/s,Failures/s,50%,66%,75%,80%,90%,95%,98%,99%,99.9%,99.99%,100%
GET,/health,149,0,240.0,251.8649004026843,137.46600200000003,562.3464229999939,73.18120805369128,0.8301508737470926,0.0,240,260,270,280,310,340,440,510,560,560,560
GET,/recommend/[user_id],16422,0,240.0,251.1628103629284,11.316443999999981,816.8721880000049,644.4091462672026,91.49488354815271,0.0,240,260,270,280,310,360,430,480,730,810,820
GET,/stats,157,0,250.0,269.98024888535053,52.739569000000095,637.0916040000054,188.0,0.8747227327402252,0.0,250,270,280,300,360,440,480,510,640,640,640
,Aggregated,16728,0,240.0,251.3456743791854,11.316443999999981,816.8721880000049,635.0374820659971,93.19975715464004,0.0,240,260,270,280,310,360,430,480,730,810,820
